<?xml version="1.0" encoding="UTF-8"?>
<!DOCTYPE suite SYSTEM "http://testng.org/testng-1.0.dtd">
<suite name="Suite">
	<test name="TC01">
		<classes>
			<class name="com.wipro.testcases.TC01_Registration" />
		</classes>
	</test>
	<test name="TC02">
		<classes>
			<class name="com.wipro.testcases.TC02_ValidateMenus" />
		</classes>
	</test>
	<test name="TC03">
		<classes>
			<class name="com.wipro.testcases.TC03_AddProduct" />
		</classes>
	</test>
	<test name="TC04">
		<classes>
			<class name="com.wipro.testcases.TC04_LoginAndEdit" />
		</classes>
	</test>
	<test name="TC05">
		<classes>
			<class name="com.wipro.testcases.TC05_NavigateBrands" />
		</classes>
	</test>

	<!-- Test -->
</suite> <!-- Suite -->
